antecedent;consequent;objects;support;confidence;lift
грибной соус,эскалоп;макароны;3;0.0043;0.7442;3.96
замороженные овощи,молоко,суп;минеральная вода;4;0.0031;0.7667;3.22
макароны,растительное масло,яйца;минеральная вода;4;0.0031;0.7188;3.02
замороженные овощи,оливковое масло,шоколад;минеральная вода;4;0.0028;0.7000;2.94
молоко,оливковое масло,яйца;минеральная вода;4;0.0027;0.7143;3.00
говяжий фарш,замороженные овощи,креветки;макароны;4;0.0025;0.7917;4.21
макароны,обезжиренное молоко;минеральная вода;3;0.0025;0.7308;3.07
блинчики,макароны,растительное масло;минеральная вода;4;0.0023;0.7391;3.10
блинчики,макароны,суп;минеральная вода;4;0.0023;0.7727;3.24
блинчики,говяжий фарш,рис;минеральная вода;4;0.0021;0.8421;3.53
замороженные овощи,оливковое масло,помидоры;макароны;4;0.0021;0.8421;4.48
индейка,красное вино;минеральная вода;3;0.0021;0.7273;3.05
молоко,помидоры,рис;макароны;4;0.0021;0.8000;4.26
