itemset;support
минеральная вода;1788
макароны;1410
яйца;1348
картофель-фри;1282
шоколад;1229
зеленый чай;991
молоко;972
говяжий фарш;737
замороженные овощи;715
блинчики;713
гамбургер;654
торт;608
печенье;603
эскалоп;595
низкокалорийный йогурт;574
рис;570
креветки;536
помидоры;513
оливковое масло;494
замороженный смузи;475
индейка;469
макароны,минеральная вода;459
курица;450
минеральная вода,шоколад;395
тертый сыр;393
растительное масло;383
минеральная вода,яйца;382
суп;379
травы и перец;371
минеральная вода,молоко;360
мед;356
шампанское;351
свежий хлеб;323
лосось;319
говяжий фарш,минеральная вода;307
макароны,шоколад;306
говяжий фарш,макароны;302
макароны,яйца;290
макароны,молоко;277
картофель-фри,яйца;273
замороженные овощи,минеральная вода;268
картофель-фри,шоколад;258
пирожные;253
картофель-фри,минеральная вода;253
блинчики,минеральная вода;253
авокадо;250
шоколад,яйца;249
хот-дог;243
молоко,шоколад;241
творог;239
зеленый чай,минеральная вода;233
молоко,яйца;231
томатный сок;228
сливочное масло;226
картофель-фри,макароны;226
цельнозерновые макароны;221
гамбургер,яйца;216
зеленый чай,картофель-фри;214
замороженные овощи,макароны;212
красное вино;211
зеленый чай,макароны;211
минеральная вода,оливковое масло;207
минеральная вода,торт;206
йогурт;205
минеральная вода,рис;205
низкокалорийный майонез;204
энергетический батончик;203
энергетический напиток;200
перец;199
ветчина;199
овощная смесь;193
хлопья;193
блинчики,макароны;192
зеленый чай,яйца;191
креветки,макароны;189
минеральная вода,помидоры;183
гамбургер,минеральная вода;183
маффины;181
минеральная вода,низкокалорийный йогурт;180
картофель-фри,молоко;178
макароны,оливковое масло;178
креветки,минеральная вода;177
замороженные овощи,молоко;177
зеленый чай,шоколад;176
гамбургер,макароны;174
масло;173
минеральная вода,суп;173
говяжий фарш,шоколад;173
замороженные овощи,шоколад;172
курица,минеральная вода;171
протеиновый батончик;169
французское вино;169
свежий тунец;167
гамбургер,картофель-фри;165
говяжий фарш,молоко;165
замороженные овощи,яйца;163
блинчики,яйца;163
макароны,помидоры;162
клубника;160
фрикадельки;157
миндаль;153
замороженный смузи,минеральная вода;152
минеральная вода,растительное масло;151
блинчики,картофель-фри;151
говяжий фарш,яйца;150
пармезан;149
макароны,рис;149
блинчики,шоколад;149
макароны,эскалоп;147
индейка,яйца;146
индейка,минеральная вода;144
грибной соус;143
замороженные овощи,картофель-фри;143
торт,яйца;143
макароны,торт;139
креветки,шоколад;135
гамбургер,молоко;134
картофель-фри,торт;134
курица,макароны;133
креветки,молоко;132
зеленый чай,молоко;132
шоколад,эскалоп;132
мята;131
минеральная вода,тертый сыр;131
гамбургер,зеленый чай;131
индейка,макароны;130
макароны,тертый сыр;130
говяжий фарш,макароны,минеральная вода;129
минеральная вода,эскалоп;128
минеральная вода,травы и перец;128
лосось,минеральная вода;128
гамбургер,шоколад;128
молоко,оливковое масло;128
рис,шоколад;128
говяжий фарш,замороженные овощи;127
низкокалорийный йогурт,яйца;126
замороженные овощи,креветки;125
белое вино;124
блинчики,молоко;124
оливковое масло,шоколад;123
картофель-фри,эскалоп;123
макароны,растительное масло;123
макароны,травы и перец;123
блинчики,зеленый чай;123
макароны,минеральная вода,шоколад;123
замороженный смузи,макароны;121
замороженные овощи,помидоры;121
макароны,низкокалорийный йогурт;121
макароны,минеральная вода,молоко;121
говяжий фарш,травы и перец;120
низкокалорийный крем;117
морковь;115
молоко,суп;114
макароны,минеральная вода,яйца;114
мед,минеральная вода;113
замороженный смузи,шоколад;112
картофель-фри,рис;112
макароны,суп;112
низкокалорийный йогурт,шоколад;111
курица,молоко;111
говяжий фарш,зеленый чай;111
курица,шоколад;110
замороженный смузи,картофель-фри;109
блинчики,говяжий фарш;109
замороженные овощи,зеленый чай;108
курица,яйца;108
черный чай;107
замороженный смузи,молоко;107
молоко,рис;107
томатный соус;106
креветки,яйца;106
зеленый чай,торт;106
говяжий фарш,оливковое масло;106
молоко,помидоры;105
рис,яйца;105
помидоры,шоколад;105
минеральная вода,молоко,шоколад;105
говяжий фарш,картофель-фри;104
лосось,макароны;103
белый сыр;102
растительное масло,шоколад;102
торт,шоколад;102
жевательная резинка;101
блинчики,замороженные овощи;101
минеральная вода,шоколад,яйца;101
минеральная вода,свежий хлеб;100
молоко,торт;100
картофель-фри,низкокалорийный йогурт;100
картофель-фри,печенье;100
баклажаны;99
молоко,низкокалорийный йогурт;99
минеральная вода,молоко,яйца;98
макароны,мед;96
травы и перец,яйца;94
газированная вода;93
зеленый чай,рис;93
зеленый чай,помидоры;92
помидоры,яйца;92
говяжий фарш,рис;92
замороженные овощи,макароны,минеральная вода;92
темный шоколад;90
дыня;90
зеленый чай,печенье;90
оливковое масло,яйца;90
гамбургер,говяжий фарш;90
картофель-фри,помидоры;90
зеленый чай,индейка;89
зеленый чай,курица;89
блинчики,торт;89
растительное масло,яйца;88
говяжий фарш,помидоры;88
блинчики,макароны,минеральная вода;88
авокадо,минеральная вода;87
шампанское,шоколад;87
батат;86
дезодорант;86
зеленый чай,креветки;86
гамбургер,торт;86
молоко,растительное масло;86
говяжий фарш,креветки;86
индейка,молоко;85
индейка,шоколад;85
замороженные овощи,оливковое масло;85
говяжий фарш,тертый сыр;85
креветки,помидоры;84
замороженный смузи,зеленый чай;84
макароны,молоко,шоколад;84
замороженный смузи,яйца;83
картофель-фри,курица;83
замороженные овощи,рис;83
эскалоп,яйца;83
замороженные овощи,минеральная вода,молоко;83
говяжий фарш,минеральная вода,молоко;83
журнал;82
красное вино,минеральная вода;82
тертый сыр,шоколад;82
макароны,шоколад,яйца;82
говяжий фарш,минеральная вода,шоколад;82
соус для барбекю;81
блинчики,оливковое масло;81
лосось,шоколад;80
гамбургер,индейка;80
индейка,картофель-фри;80
макароны,минеральная вода,оливковое масло;80
сидр;79
гамбургер,замороженные овощи;79
печенье,яйца;79
блинчики,креветки;79
блинчики,гамбургер;79
обезжиренное молоко;78
картофель-фри,тертый сыр;78
макароны,перец;78
печенье,шоколад;78
красное вино,макароны;78
картофель-фри,макароны,минеральная вода;78
минеральная вода,хлопья;77
гамбургер,рис;77
замороженные овощи,торт;77
суп,шоколад;76
замороженные овощи,низкокалорийный йогурт;76
говяжий фарш,минеральная вода,яйца;76
