antecedent;consequent;support;confidence;lift
травы и перец;говяжий фарш;0.0160;0.3235;3.29
замороженные овощи,минеральная вода;молоко;0.0111;0.3097;2.39
суп;молоко;0.0152;0.3008;2.32
говяжий фарш,минеральная вода;макароны;0.0172;0.4202;2.24
говяжий фарш;макароны;0.0403;0.4098;2.18
говяжий фарш,яйца;минеральная вода;0.0101;0.5067;2.13
говяжий фарш,молоко;минеральная вода;0.0111;0.5030;2.11
перец;макароны;0.0104;0.3920;2.09
минеральная вода,оливковое масло;макароны;0.0107;0.3865;2.06
говяжий фарш,шоколад;минеральная вода;0.0109;0.4740;1.99
замороженные овощи,молоко;минеральная вода;0.0111;0.4689;1.97
красное вино;макароны;0.0104;0.3697;1.97
блинчики,макароны;минеральная вода;0.0117;0.4583;1.92
оливковое масло;макароны;0.0237;0.3603;1.92
суп;минеральная вода;0.0231;0.4565;1.91
макароны,оливковое масло;минеральная вода;0.0107;0.4494;1.89
креветки;макароны;0.0252;0.3526;1.88
молоко,шоколад;макароны;0.0112;0.3485;1.85
макароны,молоко;шоколад;0.0112;0.3032;1.85
блинчики,минеральная вода;макароны;0.0117;0.3478;1.85
гамбургер;яйца;0.0288;0.3303;1.84
макароны,молоко;минеральная вода;0.0161;0.4368;1.83
молоко,шоколад;минеральная вода;0.0140;0.4357;1.83
замороженные овощи,минеральная вода;макароны;0.0123;0.3433;1.83
замороженные овощи,макароны;минеральная вода;0.0123;0.4340;1.82
говяжий фарш,макароны;минеральная вода;0.0172;0.4272;1.79
минеральная вода,молоко;макароны;0.0161;0.3361;1.79
молоко,яйца;минеральная вода;0.0131;0.4242;1.78
травы и перец;макароны;0.0164;0.3315;1.76
тертый сыр;макароны;0.0173;0.3308;1.76
оливковое масло;минеральная вода;0.0276;0.4190;1.76
шоколад,яйца;макароны;0.0109;0.3293;1.75
говяжий фарш;минеральная вода;0.0409;0.4166;1.75
индейка;яйца;0.0195;0.3113;1.73
лосось;макароны;0.0137;0.3229;1.72
растительное масло;макароны;0.0164;0.3211;1.71
шоколад,яйца;минеральная вода;0.0135;0.4056;1.70
макароны,шоколад;минеральная вода;0.0164;0.4020;1.69
лосось;минеральная вода;0.0171;0.4013;1.68
помидоры;макароны;0.0216;0.3158;1.68
хлопья;минеральная вода;0.0103;0.3990;1.67
минеральная вода,шоколад;макароны;0.0164;0.3114;1.66
растительное масло;минеральная вода;0.0201;0.3943;1.65
макароны,яйца;минеральная вода;0.0152;0.3931;1.65
картофель-фри,минеральная вода;макароны;0.0104;0.3083;1.64
красное вино;минеральная вода;0.0109;0.3886;1.63
курица;минеральная вода;0.0228;0.3800;1.59
замороженные овощи;минеральная вода;0.0357;0.3748;1.57
молоко;минеральная вода;0.0480;0.3704;1.55
рис;минеральная вода;0.0273;0.3596;1.51
помидоры;минеральная вода;0.0244;0.3567;1.50
блинчики;минеральная вода;0.0337;0.3548;1.49
авокадо;минеральная вода;0.0116;0.3480;1.46
картофель-фри,макароны;минеральная вода;0.0104;0.3451;1.45
травы и перец;минеральная вода;0.0171;0.3450;1.45
торт;минеральная вода;0.0275;0.3388;1.42
тертый сыр;минеральная вода;0.0175;0.3333;1.40
креветки;минеральная вода;0.0236;0.3302;1.39
макароны;минеральная вода;0.0612;0.3255;1.37
шоколад;минеральная вода;0.0527;0.3214;1.35
замороженный смузи;минеральная вода;0.0203;0.3200;1.34
мед;минеральная вода;0.0151;0.3174;1.33
низкокалорийный йогурт;минеральная вода;0.0240;0.3136;1.32
свежий хлеб;минеральная вода;0.0133;0.3096;1.30
индейка;минеральная вода;0.0192;0.3070;1.29
